Workbook

Sheet Datos Raw
A1: Fecha | B1: EURUSD Cierre | C1: ISM PMI USA
A2: 43831
A3: 43862
A4: 43891
A5: 43922
A6: 43952
A7: 43983
A8: 44013
A9: 44044
A10: 44075
A11: 44105
A12: 44136
A13: 44166
... A61: 45627

Sheet Calculos
A1: Fecha | B1: Retorno EURUSD | C1: Delta PMI | D1: PMI z-score
A2: ='Datos Raw'!A3 -> 43862 | B2: =IF(OR(ISBLANK('Datos Raw'!B3),ISBLANK('Datos Raw'!B2)),"",LN('Datos Raw'!B3/'Datos Raw'!B2)) | D2: =IF(C2="","",(C2-AVERAGE($C$2:$C$61))/STDEV($C$2:$C$61))
A3: ='Datos Raw'!A4 -> 43891 | B3: =IF(OR(ISBLANK('Datos Raw'!B4),ISBLANK('Datos Raw'!B3)),"",LN('Datos Raw'!B4/'Datos Raw'!B3)) | D3: =IF(C3="","",(C3-AVERAGE($C$2:$C$61))/STDEV($C$2:$C$61))
A4: ='Datos Raw'!A5 -> 43922 | B4: =IF(OR(ISBLANK('Datos Raw'!B5),ISBLANK('Datos Raw'!B4)),"",LN('Datos Raw'!B5/'Datos Raw'!B4)) | D4: =IF(C4="","",(C4-AVERAGE($C$2:$C$61))/STDEV($C$2:$C$61))
A5: ='Datos Raw'!A6 -> 43952 | B5: =IF(OR(ISBLANK('Datos Raw'!B6),ISBLANK('Datos Raw'!B5)),"",LN('Datos Raw'!B6/'Datos Raw'!B5)) | D5: =IF(C5="","",(C5-AVERAGE($C$2:$C$61))/STDEV($C$2:$C$61))
A6: ='Datos Raw'!A7 -> 43983 | B6: =IF(OR(ISBLANK('Datos Raw'!B7),ISBLANK('Datos Raw'!B6)),"",LN('Datos Raw'!B7/'Datos Raw'!B6)) | D6: =IF(C6="","",(C6-AVERAGE($C$2:$C$61))/STDEV($C$2:$C$61))
A7: ='Datos Raw'!A8 -> 44013 | B7: =IF(OR(ISBLANK('Datos Raw'!B8),ISBLANK('Datos Raw'!B7)),"",LN('Datos Raw'!B8/'Datos Raw'!B7)) | D7: =IF(C7="","",(C7-AVERAGE($C$2:$C$61))/STDEV($C$2:$C$61))
A8: ='Datos Raw'!A9 -> 44044 | B8: =IF(OR(ISBLANK('Datos Raw'!B9),ISBLANK('Datos Raw'!B8)),"",LN('Datos Raw'!B9/'Datos Raw'!B8)) | D8: =IF(C8="","",(C8-AVERAGE($C$2:$C$61))/STDEV($C$2:$C$61))
A9: ='Datos Raw'!A10 -> 44075 | B9: =IF(OR(ISBLANK('Datos Raw'!B10),ISBLANK('Datos Raw'!B9)),"",LN('Datos Raw'!B10/'Datos Raw'!B9)) | D9: =IF(C9="","",(C9-AVERAGE($C$2:$C$61))/STDEV($C$2:$C$61))
A10: ='Datos Raw'!A11 -> 44105 | B10: =IF(OR(ISBLANK('Datos Raw'!B11),ISBLANK('Datos Raw'!B10)),"",LN('Datos Raw'!B11/'Datos Raw'!B10)) | D10: =IF(C10="","",(C10-AVERAGE($C$2:$C$61))/STDEV($C$2:$C$61))
A11: ='Datos Raw'!A12 -> 44136 | B11: =IF(OR(ISBLANK('Datos Raw'!B12),ISBLANK('Datos Raw'!B11)),"",LN('Datos Raw'!B12/'Datos Raw'!B11)) | D11: =IF(C11="","",(C11-AVERAGE($C$2:$C$61))/STDEV($C$2:$C$61))
A12: ='Datos Raw'!A13 -> 44166 | B12: =IF(OR(ISBLANK('Datos Raw'!B13),ISBLANK('Datos Raw'!B12)),"",LN('Datos Raw'!B13/'Datos Raw'!B12)) | D12: =IF(C12="","",(C12-AVERAGE($C$2:$C$61))/STDEV($C$2:$C$61))
A13: ='Datos Raw'!A14 -> 44197 | B13: =IF(OR(ISBLANK('Datos Raw'!B14),ISBLANK('Datos Raw'!B13)),"",LN('Datos Raw'!B14/'Datos Raw'!B13)) | D13: =IF(C13="","",(C13-AVERAGE($C$2:$C$61))/STDEV($C$2:$C$61))
... A61: ='Datos Raw'!A62 -> 0 | B61: =IF(OR(ISBLANK('Datos Raw'!B62),ISBLANK('Datos Raw'!B61)),"",LN('Datos Raw'!B62/'Datos Raw'!B61)) | D61: =IF(C61="","",(C61-AVERAGE($C$2:$C$61))/STDEV($C$2:$C$61))
A65: RESULTADOS DE REGRESION
A66: Beta (b) ISM PMI: | B66: =SLOPE(B2:B61,C2:C61) -> #DIV/0!
A67: Alpha (a): | B67: =INTERCEPT(B2:B61,C2:C61) -> #DIV/0!
A68: R2 (bondad ajuste): | B68: =RSQ(B2:B61,C2:C61) -> #DIV/0!
A69: Correlacion: | B69: =CORREL(B2:B61,C2:C61) -> #DIV/0!
A70: Observaciones:
A71: b placeholder en modelo:
A73: Interpretacion: por cada +1 punto de DPMI, EURUSD se mueve b% mensualmente

Sheet Instrucciones
A1: GUIA — Calibracion Beta ISM PMI vs EURUSD
A3: PASO 1 — Descargar EURUSD mensual
A4: 1. Ve a finance.yahoo.com y busca el simbolo: EURUSD=X
A5: 2. Haz clic en Historical Data > rango 2020-2025 > frecuencia Monthly
A6: 3. Descarga CSV y copia columna Close en 'Datos Raw' columna B (desde fila 2)
A8: PASO 2 — Descargar ISM PMI USA
A9: 1. Ve a fred.stlouisfed.org
A10: 2. Busca la serie: NAPM (ISM Manufacturing PMI)
A11: 3. Descarga CSV mensual y copia en 'Datos Raw' columna C (mismas fechas)
A13: PASO 3 — Leer resultados
A14: La hoja 'Calculos' se actualiza sola. Ver seccion RESULTADOS DE REGRESION (fila 65).
A16: CRITERIOS DE ACEPTACION
... A19: Si b resultante muy diferente -> actualizar endogenousBetas.js
